id,Oct_19,Nov_19,Dec_19,Jan_20,Feb_20,Mar_20,Apr_20,May_20,Jun_20,Jul_20,Aug_20,Sep_20,Oct_20,Nov_20
Amityville_NY,-0.1534653,-0.296875,-0.1129032,-0.04651163,0.2073171,0.3285714,0.04,-0.3058824,-0.5049505,-0.4220183,-0.1886792,0.04444444,0.122807,0.3925926
Avon_CT,0.3333333,0.4712644,0.4939759,0.2692308,0.5,0.6440678,0.6028369,0.3389831,0.1333333,0.07894737,0.1088435,0.2189542,0.3519737,0.5195312
Babylon_NY,-0.09589041,-0.1602564,0.1785714,0.3245614,0.244898,0.05769231,0.07407407,0.06666667,-0.1363636,-0.3690476,-0.3820225,-0.1506849,0.04545455,0.129771
Baldwin_NY,0.2123894,0.1485149,0.02727273,-0.2009346,-0.1,-0.1971154,-0.3111111,-0.5607477,-0.4583333,-0.3451327,-0.199115,-0.2137097,-0.09854015,0.1293103
Barnegat Township_NJ,-0.03142329,0.01754386,0.02691511,-0.004424779,-0.04408353,-0.106383,-0.06112469,-0.07407407,-0.1,-0.2036364,-0.1449275,0,0.1469466,0.09770115
Bayonne_NJ,-0.03174603,-0.008474576,-0.1150442,0.08737864,0.07446809,0,-0.2653061,-0.2772277,-0.3207547,-0.32,-0.3059701,-0.1716418,-0.09016393,-0.1538462
Beachwood_NJ,-0.1,0,-0.02777778,0,-0.04411765,-0.2878788,-0.1052632,-0.1484375,-0.07142857,-0.07258065,-0.08695652,-0.01470588,0.1349206,0.1842105
Beacon_NY,-0.046875,0.02941176,0.02985075,-0.01515152,0.1886792,0.1176471,0.04166667,-0.07526882,-0.125,0.08333333,0.3548387,0.3818182,0.3278689,0.1428571
Bedminster Township_NJ,0.21875,0.1333333,-0.01724138,-0.05172414,-0.2333333,-0.05555556,-0.1290323,0.07407407,-0.2714286,-0.3774834,-0.3551913,-0.2114286,-0.03846154,0.05882353
Belleville_NJ,0.1652893,0.008196721,-0.1294964,-0.1060606,0.1456311,0.2790698,0.04040404,-0.07826087,-0.09166667,-0.1016949,-0.1526718,-0.2116788,-0.04964539,0.1219512
Bellmore_NY,-0.1290323,-0.06956522,0.01020408,-0.03125,-0.16,-0.2095238,-0.2641509,-0.3092784,-0.4123711,-0.1363636,-0.03157895,0.05607477,0.03240741,0.1074766
Bergenfield_NJ,-0.02150538,-0.0625,-0.04301075,0.07228916,0.3026316,0.1842105,0.02777778,-0.2328767,-0.2625,-0.2808989,-0.1569767,-0.1306818,-0.1153846,-0.1666667
Berkeley Township_NJ,-0.06801471,-0.04356436,-0.1176471,-0.1037924,-0.09368192,-0.04668305,-0.07035176,-0.1605505,-0.2046908,-0.1087866,-0.06759443,0.03913894,0.06015779,0.1024845
Berlin_CT,0.1948052,0.3448276,0.4262295,0.2068966,0.01724138,0,0.1090909,0,-0.2315789,-0.3508772,-0.3445378,-0.2110092,0.06521739,0.2820513
Berlin_NJ,-0.2169811,-0.08421053,-0.07058824,0.1230769,-0.02739726,0.1408451,0.08219178,-0.02898551,-0.313253,-0.1923077,-0.07792208,0.04166667,0.03614458,0.02298851
Bethel_CT,-0.04807692,-0.1683168,0.05555556,0.1625,0.328125,0.1290323,0.06451613,0,-0.06862745,0,0.01550388,0.1666667,0.4040404,0.7619048
Bethpage_NY,0.0137931,-0.08219178,-0.05970149,0.05357143,0.03921569,-0.1346154,-0.4126984,-0.4477612,-0.4366197,-0.3150685,-0.1610738,-0.05228758,0.1768707,0.3283582
Bloomfield_NJ,-0.09302326,-0.1962025,-0.1548387,-0.1972789,-0.09243697,-0.1478261,-0.1724138,-0.3426573,-0.25,-0.2727273,-0.1829268,0.02366864,0.2179487,0.5433071
Bloomfield_CT,-0.2333333,0,0.08791209,0.02380952,-0.0125,0.08823529,0.06666667,-0.08,-0.1465517,0.1351351,0.4315789,0.7349398,0.4565217,0.4021739
Blooming Grove Township_PA,-0.01136364,-0.04519774,-0.1135135,0.006578947,-0.007874016,0.1111111,-0.2222222,-0.2535211,-0.2307692,0.1409396,0.3576159,0.5900621,0.4137931,0.2426036
Boonton_NJ,-0.1621622,-0.078125,0.09375,0.2727273,0.3333333,0,-0.1666667,-0.3188406,-0.1492537,-0.1126761,0.07042254,0.01388889,0.2016129,0.5169492
Branchburg Township_NJ,-0.05309735,0.05319149,0.106383,0.03333333,-0.1234568,0,0.1176471,0.06410256,-0.2323232,-0.3089431,-0.237037,0.1138211,0.3130841,0.3484848
Branford_CT,-0.02272727,0.1073826,0.296,0.4949495,0.4736842,0.3636364,0.1896552,0.02205882,-0.160221,-0.06878307,0.1322751,0.4096386,0.3459302,0.3363636
Brick Township_NJ,-0.128,-0.08102345,-0.09677419,-0.02650602,-0.05943152,-0.02452316,-0.09653465,-0.1655481,-0.1927966,-0.07538803,0.04454343,0.2095672,0.2465596,0.24942
Bridgeport_CT,0.07174888,0.0906298,0.06349206,0,-0.07885305,-0.08679245,-0.1601423,-0.1540984,-0.1926606,-0.1420118,-0.0863836,-0.004329004,-0.0488145,-0.08732394
Bridgewater Township_NJ,-0.01675978,0.1777778,0.1735849,0.1596639,0.004385965,0.04347826,-0.1367521,-0.283737,-0.3657817,-0.3291457,-0.1918465,0.04859335,0.1931818,0.2264151
Bristol_CT,-0.007462687,-0.04453441,-0.06692913,-0.09565217,0.04166667,0,0.009174312,-0.06692913,-0.01140684,0.1208791,0.2473868,0.4347826,0.4135338,0.3940678
Brookfield_CT,-0.04065041,0.3164557,0.3037975,0.03797468,-0.09090909,-0.1139241,-0.1,-0.1,0.03658537,0.6266667,0.7045455,0.744898,0.3135593,0.4903846
Budd Lake_NJ,-0.01886792,-0.1006711,-0.06349206,-0.09433962,-0.05357143,-0.1538462,-0.1666667,-0.2222222,-0.1428571,-0.125,0.008196721,-0.07638889,-0.1410256,-0.04477612
Canton_CT,-0.03278689,0.06779661,0.03225806,0.3863636,1.071429,0.75,0.4857143,-0.1833333,-0.3289474,-0.3103448,-0.02597403,0.3166667,0.3898305,0.1111111
Carteret_NJ,-0.1315789,-0.09756098,-0.08641975,-0.0875,-0.1142857,0.2142857,0.137931,0.2857143,0,-0.07272727,-0.2545455,-0.0862069,-0.06060606,-0.05405405
Cedar Grove_NJ,0.5,0.5,0.28125,0.5714286,0.7446809,0.7346939,0.673913,0.6808511,0.7254902,0.3970588,0.5205479,0.4805195,0.5035461,0.2888889
Centereach_NY,-0.2337662,-0.2147651,-0.04477612,0.1944444,0.3673469,0.2674419,0.1294118,-0.3018868,-0.302521,-0.4375,-0.2941176,-0.2014925,0.1694915,0.2564103
Chatham Township_NJ,-0.05504587,-0.02298851,0.01204819,0.08108108,-0.1358025,-0.04615385,-0.1518987,-0.1058824,-0.2956522,-0.204918,0.06451613,0.5504587,0.6456311,0.9117647
Cheshire_CT,-0.1006711,-0.004347826,0.1232227,0.245614,0.2789116,0.3484848,0.07594937,0,-0.01694915,-0.007194245,-0.1333333,0.07042254,0.1455224,0.3755459
Clark_NJ,0.02469136,0.2166667,0.5744681,0.7948718,0.8,0.25,0.07272727,-0.1016949,-0.08474576,-0.2727273,-0.2325581,0.04494382,0.313253,0.4383562
Cliffside Park_NJ,-0.08636364,-0.1283186,-0.1284404,-0.25,-0.03092784,0.08823529,0.3218391,0.1052632,-0.1170213,-0.1684211,-0.106383,0.02617801,-0.004975124,-0.1675127
Clifton_NJ,-0.1494253,-0.1335505,-0.1196013,-0.2135593,-0.2101449,-0.2444444,-0.2747748,-0.3574468,-0.3722944,-0.3939394,-0.2418301,-0.07213115,0.05743243,0.112782
Clinton_CT,-0.1604938,0.09230769,0.1875,0.3035714,0.2941176,0.2340426,0.09615385,-0.08196721,-0.1375,0.04651163,0.3023256,0.5571429,0.4779412,0.3873239
Clinton Township_NJ,0.04705882,-0.1309524,-0.09210526,-0.1119403,0.1938776,0.2692308,0.2745098,0.1428571,0.02272727,0.1494253,0.3488372,0.5930233,0.494382,0.6986301
Colchester_CT,0.2769231,0.09677419,0.03333333,-0.125,0.01818182,0.1454545,0.2241379,0.1206897,0.03174603,-0.04,0.01204819,-0.04819277,-0.06024096,0.04411765
Colonia_NJ,-0.07058824,0.0647482,0.02040816,-0.02836879,-0.1086957,-0.1111111,-0.1308411,-0.1517857,-0.1694915,-0.2238806,-0.1744966,-0.09032258,-0.02531646,0.01351351
Commack_NY,0.02962963,0.01754386,-0.02,0.1704545,0.1704545,0.2,0.2179487,-0.1630435,-0.2884615,-0.4388489,-0.3478261,-0.2988506,-0.04316547,0.1810345
Copiague_NY,0.3382353,0.05555556,0.04347826,0.01282051,-0.06024096,0,-0.05263158,-0.2738095,-0.2738095,-0.4352941,-0.3678161,-0.443299,-0.3131868,-0.05921053
Coram_NY,-0.2429379,-0.2804878,-0.1088435,-0.06338028,-0.04379562,-0.08088235,-0.2550336,-0.1901408,-0.2751678,-0.2905405,-0.3012821,-0.1879195,0.1343284,0.4322034
Cortlandt Manor_NY,-0.04918033,-0.09259259,-0.04807692,-0.115,0.09259259,0.1928571,-0.04285714,-0.3012048,-0.4421053,-0.4473684,-0.3629032,-0.1626016,0.04310345,0.2959184
Coventry_CT,0.05,-0.1311475,-0.3166667,-0.02272727,0.05714286,-0.1052632,-0.28,-0.1481481,-0.1428571,0.05970149,0.1866667,0.32,0.4444444,0.5849057
Cranford_NJ,0.2738095,0,-0.02597403,-0.07317073,-0.02469136,0.05,0.1315789,0.04444444,-0.1960784,-0.2677165,-0.06923077,0.06015038,0.3831776,0.725
Cromwell_CT,0.1875,0.119403,0.2741935,0.2741935,0.3888889,0.1111111,0.1034483,-0.1066667,-0.2134831,-0.2959184,-0.177665,0.04918033,0.3333333,0.6
Danbury_CT,0.003194888,-0.03703704,0.04982206,0.05306122,0.2248804,0.1386139,0.201087,-0.008298755,-0.1060606,-0.1003344,0.02951389,0.2079038,0.25,0.527972
Darien_CT,0.05952381,0.1186441,0.01470588,0.08571429,0.03125,0.2830189,0.1851852,0.4705882,0.08571429,0.1333333,0.2222222,0.7213115,1.224719,1.333333
Deer Park_NY,-0.1333333,-0.2421875,-0.2835821,-0.2362205,-0.1982759,-0.03061224,-0.01176471,-0.0375,-0.0125,-0.03370787,-0.1067961,-0.1028037,0.01923077,0.257732
Delaware Township_PA,0,-0.1685393,-0.1904762,0,0.1111111,0.06,-0.0754717,-0.4084507,-0.4886364,-0.1546392,0.372093,0.8024691,0.7,0.4391892
Denville Township_NJ,-0.09574468,-0.1573034,-0.244186,-0.2371795,-0.1190476,0.0462963,0.0754717,-0.1486486,-0.2444444,-0.1730769,-0.02884615,0.1632653,0.3588235,0.54
Dingman Township_PA,0.05747126,0.08675799,0,0.1486486,-0.04166667,-0.02985075,-0.2380952,-0.3673469,-0.3737374,-0.2131148,0.09022556,0.1933333,0.173913,0.1428571
Dover_NJ,0.1791045,0.1428571,0.1886792,0.2040816,0.0212766,-0.04444444,-0.26,-0.3548387,-0.4090909,-0.3030303,-0.2894737,-0.1772152,-0.1139241,0.03125
Dumont_NJ,0.02739726,-0.01538462,0.34,0.1041667,0.2727273,0.3,0.3333333,0.3333333,-0.03571429,-0.1166667,-0.2692308,-0.2077922,-0.12,0.078125
East Brunswick_NJ,-0.09926471,-0.1615721,-0.2900433,-0.2614679,-0.2373737,-0.06748466,-0.2235294,-0.238806,-0.4163265,-0.3095238,-0.2666667,-0.03861004,0.1673469,0.5833333
East Haddam_CT,0.1403509,0.2631579,0.34,0.452381,0.4516129,0.3030303,0,0.02083333,0.03571429,0.254717,0.08870968,0.1416667,0.08461538,0.02083333
East Hampton_NY,-0.1131387,-0.1992481,-0.1893939,-0.04385965,0.2135922,0.2604167,0.2736842,-0.03883495,-0.08064516,-0.1134752,0.1088435,0.2260536,0.563786,0.9906103
East Hampton_CT,-0.1162791,0,0.1564626,0.2195122,0.4193548,0.4146341,0.2727273,0.2264151,0.01298701,0.2564103,0.6455696,1.327869,0.7894737,0.3846154
East Hartford_CT,0.02484472,-0.02873563,-0.1878453,-0.1968085,-0.0472973,-0.007142857,0.02919708,-0.03846154,-0.2041885,-0.12,0.005319149,0.1546961,0.2484848,0.2662722
East Haven_CT,-0.1203008,-0.1376812,-0.1468531,-0.1384615,-0.07964602,0.07920792,0,-0.1382114,-0.3445946,-0.1780822,0.06338028,0.3870968,0.4786325,0.4453782
East Hills_NY,-0.02,-0.1666667,-0.2837838,-0.0483871,-0.03508772,-0.1132075,-0.4019608,-0.3942308,-0.1704545,-0.1034483,-0.08219178,-0.08074534,0.1156463,0.426087
East Meadow_NY,-0.08333333,-0.008547009,-0.09009009,-0.09174312,-0.1964286,-0.08653846,-0.125,-0.06962025,-0.1352941,-0.1021505,-0.245283,-0.173913,0.107438,0.4137931
East Northport_NY,0,-0.1497976,0.01298701,-0.08370044,-0.02777778,-0.08510638,0.03614458,-0.09876543,-0.2718447,-0.4148148,-0.424581,-0.2155689,-0.01342282,0.4761905
East Orange_NJ,0.259542,0.08,-0.04733728,-0.07878788,0.07746479,0.02758621,-0.1768293,-0.362069,-0.3636364,-0.2041522,-0.1089109,-0.01607717,-0.1030303,-0.09876543
East Windsor Township_NJ,-0.2,-0.1847134,-0.1942446,-0.1742424,-0.2631579,-0.336,-0.3839286,-0.2192982,-0.245614,-0.2173913,-0.2980132,-0.1409396,0.0530303,0.0859375
Eastchester_NY,-0.08860759,-0.1167883,0.04464286,0.08080808,0.1717172,-0.06363636,-0.07142857,-0.1666667,-0.1470588,-0.1699346,-0.1210191,-0.05095541,0.1875,0.4628099
Edgewater_NJ,-0.1724138,-0.2307692,0.09333333,0.1408451,0.3064516,0.5272727,0.8636364,0.3921569,-0.264,-0.4285714,-0.3664596,-0.06666667,0.1666667,0.1285714
Edison_NJ,-0.0494382,-0.06553398,-0.1210526,-0.08035714,-0.03355705,-0.05033557,-0.2454545,-0.4052632,-0.4166667,-0.358396,-0.2669903,-0.1454965,-0.03664303,0.1337662
Elizabeth_NJ,-0.04278075,-0.01875,-0.137931,-0.1758242,-0.1355932,-0.04761905,-0.1338583,-0.3380282,-0.3630137,-0.1324503,-0.006369427,-0.06818182,-0.2178771,-0.2038217
Elmont_NY,0.1917808,0.1282051,-0.06451613,-0.1052632,-0.08045977,0.109589,-0.09090909,-0.2625,-0.3625,-0.2195122,-0.2,-0.1818182,-0.2413793,-0.09090909
Enfield_CT,0,0.06358382,0.1190476,0.2152778,0.01875,-0.07222222,-0.02702703,0.08947368,0.07253886,0.01895735,0.08370044,0.2523364,0.3349515,0.3206522
Englewood_NJ,0.1037736,0.1734694,0.3058824,0.2209302,0.3176471,0.2340426,0.1363636,-0.1630435,-0.42,-0.337963,-0.1782609,0,-0.01282051,-0.1782609
Ewing Township_NJ,-0.1271676,-0.3238636,-0.2427746,-0.2168675,-0.02205882,0.016,-0.03448276,-0.2121212,-0.3561644,-0.3378378,-0.3095238,-0.01333333,0.0794702,0.3613445
Fair Lawn_NJ,-0.05263158,-0.006329114,-0.0738255,-0.1560284,-0.03361345,0.2017544,0.245614,0.06015038,-0.1466667,-0.1929825,-0.04571429,0.02808989,0.1358025,-0.07006369
Fairfield_CT,-0.1114865,0.05809129,-0.06530612,0.01785714,-0.1369863,-0.07623318,-0.07758621,-0.1209964,-0.04807692,0.09549072,0.4148352,0.7781155,1.089354,0.9
Farmingdale_NY,0.03921569,0,0.05882353,0.175,0.1341463,0.0125,-0.3645833,-0.4210526,-0.3411765,-0.1494253,-0.2380952,-0.3057851,-0.08490566,0.2272727
Farmington_CT,-0.1597222,0,0,0.1326531,0.1195652,0.172043,0.1775701,0.1984127,0.1506849,0.1186441,0.2155689,0.3533333,0.4380165,0.4628099
Farmingville_NY,-0.1232877,-0.1944444,-0.1818182,-0.05882353,0.1090909,0.01923077,-0.09803922,-0.245614,-0.0877193,-0.2698413,-0.1449275,-0.140625,-0.125,-0.0862069
Fort Lee_NJ,0.06586826,-0.01754386,0.02197802,0.173913,0.2993197,0.2,0.06293706,-0.1776316,-0.4099379,-0.4715026,-0.4326923,-0.2820513,-0.1011236,0.06845238
Fort Salonga_NY,-0.1269841,-0.1880342,-0.04,-0.09302326,0.007575758,0.02631579,-0.1048387,-0.2328767,-0.3863636,-0.3617021,-0.2300885,0.1320755,0.2772727,0.6368421
Franklin Lakes_NJ,0.1926606,0.2972973,0.2357724,0.09375,0.06779661,-0.1636364,-0.04255319,-0.125,-0.2037037,-0.3611111,-0.2112676,0.01388889,0.1076923,-0.08333333
Franklin Township_NJ,0.07308378,0.110664,-0.01930502,-0.01659751,-0.02608696,0.02752294,-0.0840708,-0.2947761,-0.3309091,-0.3067797,-0.1705298,-0.1109325,-0.04318937,0.01086957
Franklin Township_NJ,-0.2695652,-0.1683168,-0.2708333,-0.2926829,-0.3108108,-0.1733333,0,-0.2470588,-0.2068966,-0.1263158,0.1477273,0.1235955,0.1904762,0.2261905
Freehold_NJ,0.01851852,0.07471264,0.03754941,0.02906977,-0.04669261,-0.04700855,-0.1304348,-0.125523,-0.1917293,-0.1515152,-0.1205882,0.04775281,0.0969697,0.1194296
Freeport_NY,-0.02013423,-0.01324503,-0.02597403,-0.05921053,0.01503759,-0.1764706,-0.3407407,-0.537931,-0.5703125,-0.3272727,-0.1834862,-0.2384615,-0.1780822,-0.08053691
Garden City_NY,0.07058824,0.119403,0.2461538,0.07352941,0.115942,0.06870229,-0.1282051,-0.1428571,-0.2542373,-0.2916667,-0.3888889,-0.2317073,-0.01098901,0.3466667
Glastonbury_CT,-0.1413043,-0.09433962,-0.006535948,0.09375,0.4888889,-0.03773585,-0.2042254,-0.25,-0.1518325,-0.08878505,0.0456621,0.2361809,0.5126582,0.4722222
Glen Cove_NY,-0.1413043,-0.2560976,-0.01639344,0.03389831,0.5283019,0.440678,-0.1571429,-0.4936709,-0.5394737,-0.3536585,-0.1882353,-0.05952381,0.1139241,0.6229508
Great Neck_NY,0.0617284,-0.0397351,-0.170068,-0.1360544,-0.1571429,-0.248227,-0.3452381,-0.3780488,-0.3214286,-0.4206897,-0.4337349,-0.5,-0.255814,0.006896552
Greenwich_CT,0.004166667,-0.06046512,-0.1561181,-0.09090909,0.07608696,0.3087248,0.1169591,0.06796117,0.08536585,0.122449,0.3,0.541958,0.8568465,1.012376
Griswold_CT,0.05797101,0.1311475,0.2222222,0.02040816,-0.2307692,-0.125,-0.1724138,-0.1428571,-0.2361111,-0.1621622,-0.07894737,-0.02666667,0.1506849,0.2318841
Groton_CT,-0.04945055,-0.03184713,0.219697,-0.05833333,-0.02884615,-0.1090909,0.07142857,-0.1045752,-0.1097561,-0.07486631,0.1129944,0.3154762,0.2890173,0.5460526
Guilford_CT,-0.06521739,0.04587156,0.2666667,0.2875,0.2222222,0.1590909,0.1582278,0.06914894,-0.07936508,-0.006493506,0.07100592,0.2468354,0.3139535,0.4780702
Hackensack_NJ,-0.1325758,-0.1439114,-0.05494505,0.06882591,0.1409091,0.004716981,-0.07943925,-0.2844828,-0.4102564,-0.4008264,-0.2157676,-0.04115226,0.07423581,0.04310345
Hamden_CT,0.04205607,0.06930693,0.09375,0.1077844,0.2340426,0.2442748,-0.02580645,-0.1189189,-0.1234568,0.03787879,0.1390977,0.2758621,0.2847534,0.2569444
Hamilton Township_NJ,-0.2032193,-0.1903766,-0.1991614,-0.1565996,-0.119898,-0.1105121,-0.1521127,-0.2493703,-0.3215962,-0.2876106,-0.1144165,0.04137931,0.270202,0.3100775
Hamilton Township_NJ,0.05487805,-0.02197802,-0.1061453,-0.1894737,-0.3166667,-0.2712766,-0.1987578,-0.1875,-0.2709677,-0.4166667,-0.2976879,-0.1415663,-0.1849711,-0.3595506
Hampton Bays_NY,-0.2155172,-0.3,-0.1931818,-0.1625,-0.02941176,0.09677419,0.08928571,-0.1315789,-0.3225806,-0.25,-0.2545455,-0.05208333,0.1428571,0.7
Hardyston Township_NJ,-0.07377049,-0.1559633,-0.1666667,-0.1182796,-0.01265823,0.04225352,-0.1265823,-0.2688172,-0.212963,-0.137931,-0.1,0.1140351,0.1946903,0.4021739
Hartford_CT,-0.1788079,-0.1510791,-0.2094595,-0.168,-0.1176471,0,-0.1794872,-0.3076923,-0.3695652,-0.1851852,0.03100775,0.1239669,0.08870968,0.1101695
Hawthorne_NJ,0.1,0.06451613,0.07936508,0.0877193,0.03389831,-0.01666667,-0.1875,-0.2676056,-0.1643836,-0.1447368,0.04,0.2253521,0.2597403,0.3484848
Hazlet Township_NJ,0.1971831,0.2545455,0.1333333,-0.03174603,-0.1014493,-0.04477612,-0.0483871,0.01612903,-0.01587302,-0.202381,-0.1263158,0.04255319,0.1882353,0.173913
Hicksville_NY,0.007407407,0.01515152,-0.01438849,-0.05925926,-0.07936508,-0.1230769,-0.1854839,-0.3333333,-0.4220183,-0.372093,-0.3076923,-0.2945205,-0.2279412,-0.03731343
Hillsborough Township_NJ,-0.02164502,-0.02415459,0.16,0.2624113,0.1151079,-0.04054054,-0.1975309,-0.1860465,-0.2918919,-0.2,0.01333333,0.2300885,0.1946903,0.09405941
Hillside_NJ,0.02247191,0.0617284,-0.08695652,-0.1630435,-0.1290323,-0.02631579,-0.2962963,-0.345679,-0.4947368,-0.2696629,-0.2336957,0.01785714,-0.1373626,-0.1395349
Hoboken_NJ,-0.02255639,0.004016064,0.1428571,0.1359649,0.36,0.4067797,0.120603,-0.148289,-0.2827586,-0.2901235,-0.0955414,0.04651163,0.2884615,0.22
Holmdel Township_NJ,-0.2295082,-0.1086957,-0.2525253,-0.2978723,-0.3448276,-0.2535211,-0.1525424,-0.2352941,-0.1168831,-0.1123596,0.2087912,0.3578947,0.4148936,0.402439
Hopatcong_NJ,-0.07874016,-0.15625,-0.147541,-0.01851852,0.2317073,0.01204819,-0.2352941,-0.3186813,-0.1978022,-0.1308411,-0.06557377,0,0.08547009,0
Hopewell Township_NJ,-0.09848485,-0.02727273,0.07692308,0.1078431,0.2045455,0.1176471,-0.04761905,-0.2380952,-0.2436975,-0.09375,-0.03816794,0.3109244,0.2016807,0.4766355
Howell Township_NJ,-0.1024735,-0.1106557,-0.04065041,0.03111111,0.1394231,0.09677419,0.1321839,0.01052632,-0.1179245,-0.1630901,-0.08527132,0.08461538,0.1456693,0.2304147
Hudson_NY,-0.2857143,-0.2911392,-0.08955224,-0.01666667,0.05172414,0.09803922,-0.2580645,-0.5135135,-0.55,-0.4266667,-0.3561644,-0.2461538,-0.2307692,0.125
Huntington_NY,-0.1401274,-0.2255245,-0.111546,0.01363636,0.0547619,0.03307888,-0.1227621,-0.2175,-0.2059553,-0.2530864,-0.2783505,-0.1447587,0.1814815,0.6365688
Irvington_NJ,0.07936508,0.1272727,0.1834862,0.1386139,0.1010101,0.008928571,-0.2459016,-0.3196721,-0.3445378,-0.2601626,-0.25,-0.2265625,-0.2720588,-0.3387097
Jackson Township_NJ,-0.08653846,-0.125,-0.2556391,-0.160221,-0.1163522,0.02214022,-0.09811321,-0.1678322,-0.2090032,-0.06956522,0.004950495,0.1658537,0.2697368,0.3742236
Jefferson Township_NJ,0.01149425,-0.2173913,-0.2094595,-0.2377622,-0.1478261,-0.2115385,-0.2073171,-0.1340206,-0.0754717,0.0078125,0.01503759,0.07518797,0.219697,0.6239316
Jericho_NY,0.05063291,-0.01408451,-0.01428571,-0.1212121,0.1914894,0.04545455,-0.05263158,-0.5849057,-0.6034483,-0.5512821,-0.5287356,-0.4888889,-0.313253,0.05714286
Jersey City_NJ,0.03254438,-0.1233284,-0.1310241,-0.04020101,0.1774809,0.1137615,-0.1210084,-0.3216783,-0.3425254,-0.2885714,-0.2105263,-0.1281337,-0.08882521,-0.05932203
Keansburg_NJ,-0.06586826,-0.2470588,-0.05813953,0.125,0.32,0.07352941,-0.08955224,-0.2328767,-0.1411765,-0.1935484,-0.09677419,-0.02380952,0.03846154,0.03125
Kearny_NJ,-0.125,-0.2125,-0.2133333,-0.09836066,0,0.1777778,-0.1454545,-0.2075472,-0.5970149,-0.359375,-0.1971831,0.05714286,0.1587302,0.1904762
Keyport_NJ,-0.1910112,-0.1652174,0.01,0.02061856,-0.03883495,-0.1382979,-0.2159091,-0.3176471,-0.3454545,-0.1226415,0.03478261,0.3009709,0.2592593,0.3333333
Kings Park_NY,-0.1585366,-0.1875,0.04918033,-0.01515152,0.1666667,-0.01851852,0.01923077,-0.1111111,-0.2769231,-0.2692308,-0.2826087,-0.127907,0.05797101,0.2307692
Kingston_NY,0.1085271,0.0620155,0.06716418,0.1834862,0.5185185,0.6266667,0.06185567,-0.2635659,-0.5,-0.4304636,-0.262069,-0.02112676,0.1258741,0.2262774
Kinnelon_NJ,0.01176471,0.03529412,0.1944444,0.5,0.5454545,0.05714286,-0.09722222,-0.2151899,-0.2447552,-0.170068,0.03311258,0.3103448,0.4069767,0.5454545
Lacey Township_NJ,-0.05882353,-0.07772021,-0.1755319,-0.1184211,-0.1285714,-0.1353383,-0.2941176,-0.375,-0.356383,-0.2116402,-0.07894737,0.02072539,0.1510417,0.1629213
Lake Carmel_NY,-0.1176471,-0.07432432,-0.00729927,0.1344538,0.1666667,0.1043478,0.1010101,-0.06363636,-0.2072072,-0.4087591,-0.2867133,0.06870229,0.362963,0.5109489
Lakewood Township_NJ,-0.2409178,-0.2662722,-0.2873346,-0.2098501,-0.1556604,-0.1528497,-0.2722772,-0.3545455,-0.3409611,-0.1899038,-0.05210918,0.07901235,0.2367758,0.155914
Larchmont_NY,-0.2063492,-0.2198582,-0.05084746,0.2272727,0.02173913,-0.2325581,-0.3448276,-0.2323944,-0.2252747,-0.1936937,-0.05084746,0.1886792,0.68,0.8181818
Lavallette_NJ,0.07058824,0.1411765,0.06976744,0,-0.109375,-0.147541,-0.2820513,-0.4361702,-0.4315789,-0.2473118,0.04878049,0.3797468,0.2032967,0.09793814
Lawrence Township_NJ,0.04126984,0.06040268,-0.02836879,0.04511278,-0.09482759,-0.2325581,-0.3722628,-0.3417722,-0.3313953,-0.2611111,-0.1789474,-0.06703911,0.2073171,0.164557
Ledyard_CT,0.03825137,0.01910828,0.109375,0.08,0.08695652,0.1702128,0.1034483,-0.1325301,-0.2761905,-0.2,-0.09090909,0,0.06315789,0.225
Lehman Township_PA,-0.01408451,0.02040816,-0.1533333,-0.07194245,0.02542373,0.2323232,0.1020408,-0.2142857,-0.4863014,-0.4550898,-0.2125,-0.09354839,-0.1321429,-0.35
Levittown_NY,0.06077348,-0.03370787,-0.01086957,-0.02747253,0.07647059,-0.01183432,-0.1045752,-0.2019231,-0.1842105,-0.1588542,-0.2073733,-0.06030151,0.1145833,0.3313953
Linden_NJ,-0.06214689,0.1111111,-0.02721088,-0.2228916,-0.253012,-0.09459459,-0.1023622,-0.2972973,-0.4378698,-0.2982456,-0.1086957,-0.009433962,-0.0813253,0.025
Lindenhurst_NY,-0.02140673,-0.04761905,0.01587302,0.1666667,0.1560284,0.02877698,-0.1447368,-0.1521739,-0.1172414,-0.1298701,-0.1550802,-0.1731844,0.00625,0.003333333
Little Egg Harbor Township_NJ,-0.2754098,-0.239726,-0.2175439,-0.06866953,0.05464481,0.03508772,-0.15625,-0.3287671,-0.3127753,-0.2598425,0.01612903,0.2033195,0.4253394,0.3468468
Little Falls_NJ,-0.1485944,-0.1814346,-0.03,0.195122,0.3285714,0.08219178,-0.1060606,-0.1714286,-0.1643836,-0.1704545,-0.1699029,0.06944444,0.259434,0.3814433
Livingston_NJ,0.0794702,0.04132231,0.07692308,0.1840796,0.1746032,0.09782609,-0.1121495,-0.1858407,-0.3357143,-0.3293413,-0.135,0.1968085,0.4263804,0.6230159
Lloyd_NY,-0.01587302,-0.1,0.03846154,0.3333333,0.3541667,0.326087,0.04651163,-0.1538462,-0.3442623,-0.3098592,-0.24,0.1408451,0.5806452,0.9074074
Long Beach_NY,-0.1526718,-0.1885246,-0.1560284,-0.03174603,-0.07874016,-0.0990991,-0.3739837,-0.4740741,-0.5378788,-0.25,-0.1949153,-0.1196581,-0.009009009,0.2222222
Long Beach Township_NJ,-0.1245421,0.0112782,0.124,0.04072398,0.06077348,-0.05142857,-0.02222222,-0.1934156,-0.02542373,0.2748815,0.7559524,0.6966292,0.1924686,0.05204461
Long Branch_NJ,0.09090909,0.2338308,0.1813953,-0.09302326,-0.1068702,-0.1811024,-0.173913,-0.4,-0.3092105,-0.1768707,-0.1014493,-0.1782946,-0.3043478,-0.2419355
Long Valley_NJ,0.07352941,0.2916667,0.1153846,0.212766,0.2857143,0.06976744,-0.02272727,-0.03703704,0.2211538,0.3,0.4083333,0.1126761,0.2054795,0.3064516
Madison_CT,0.09183673,-0.01176471,-0.075,-0.1917808,-0.1639344,0.1296296,0.1875,0.02197802,-0.07476636,0.1181102,0.1703704,0.4198473,0.4672897,0.8809524
Mahwah Township_NJ,0.0546875,0.2459016,0.2280702,0.3142857,0.1368421,0.106383,0.04081633,0.09,-0.1441441,-0.1300813,-0.1578947,-0.06506849,0.07037037,0.009868421
Manalapan Township_NJ,-0.1060606,-0.004878049,-0.01980198,0.1573034,0.1325967,-0.06153846,-0.1802326,-0.275,-0.3362832,-0.3018868,-0.2103321,0.1422764,0.2966102,0.3970588
Manasquan_NJ,-0.3703704,-0.3013699,-0.2205882,-0.01754386,0.14,0.0625,0.2156863,-0.2608696,-0.2191781,-0.2631579,0.04477612,0.1544118,0.7352941,0.5196078
Manchester_CT,0.007782101,-0.08823529,-0.1913043,-0.0984456,0.1437908,0.2635659,0.08496732,0.005617978,-0.05633803,-0.01369863,-0.1004016,-0.09266409,-0.08494208,0.06912442
Manchester Township_NJ,0.01038961,0.02272727,0,-0.02201258,0.04482759,-0.03202847,-0.01090909,-0.1907895,-0.1575563,-0.1732955,-0.197995,-0.1536585,-0.1156812,-0.1
Manhasset_NY,-0.06521739,0.06410256,0.3432836,0.2089552,0.25,-0.02941176,-0.07936508,-0.2142857,0.03278689,0.1515152,0.2285714,0.1818182,0.2093023,0.1927711
Manorville_NY,-0.3095238,-0.36,-0.2394366,-0.1076923,0.1129032,0.1551724,-0.05882353,-0.313253,-0.3820225,-0.4157303,-0.1829268,0.1029412,0.5689655,0.625
Maplewood_NJ,0.04273504,0.1777778,0.244186,0.382716,0.0952381,0,-0.1089109,-0.05263158,-0.1240876,-0.1851852,-0.1355932,0.06962025,0.4016393,0.4433962
Marlboro Township_NJ,-0.1447368,0.07185629,0.1,0.06382979,0.08196721,-0.01639344,0,-0.1276596,-0.07692308,-0.09467456,-0.03157895,0.1182266,0.2051282,0.1899441
Massapequa_NY,-0.1832461,-0.1534091,-0.1271676,-0.09433962,-0.1688312,-0.03076923,0.06578947,0.05,-0.1041667,-0.06299213,-0.1360544,0.01333333,0.1346154,0.3758389
Mastic_NY,-0.2545455,-0.09375,-0.1208791,0.04597701,0.1805556,0.4411765,0.260274,-0.05851064,-0.1117021,-0.2393617,-0.2795699,-0.3157895,-0.03658537,0.1609195
Mastic Beach_NY,0,-0.02531646,0.03472222,0.1347518,0.1328125,-0.04580153,-0.2985075,-0.4493671,-0.3660131,-0.3935484,-0.3435583,-0.4235294,-0.4040698,-0.3279221
Matawan_NJ,-0.05288462,-0.0625,-0.0867052,0.0952381,-0.06382979,-0.2116788,-0.2419355,-0.2653061,-0.2066667,-0.2738095,-0.2299465,-0.04591837,0.03553299,0.3151515
Medford_NY,0.05900621,-0.1073446,-0.01785714,0.1019737,0.2649254,0.1691729,0.08730159,0.02479339,-0.008547009,-0.2167832,-0.2293578,-0.1820728,-0.01466276,0.1012658
Melville_NY,-0.3769231,-0.3909091,-0.0375,0.1549296,0.6206897,0.3934426,0.2333333,-0.1428571,-0.2238806,-0.3846154,-0.3723404,-0.3823529,-0.117284,0.4104478
Mendham Township_NJ,0.2313433,0.2368421,0.1636364,0.18,0.1333333,-0.07894737,-0.09677419,0,0.04347826,0.01666667,0.1408451,0.1082803,0.1272727,0.3191489
Meriden_CT,0.03286385,-0.02512563,0.03208556,0.005494505,0.09356725,-0.0239521,-0.005988024,-0.05434783,0.07291667,0.07009346,0.06493506,-0.0125523,0.06363636,0.1804124
Merrick_NY,-0.008298755,-0.03361345,0.02564103,-0.03278689,0.06796117,0.03225806,-0.08450704,-0.4065934,-0.311828,-0.1754386,0.1221719,0.1688312,0.209205,0.3956522
Metuchen_NJ,0.125,0.1451613,0.1846154,-0.1025641,-0.2105263,-0.3466667,-0.1935484,-0.03448276,-0.1428571,-0.3028169,-0.2594937,-0.1363636,0.08333333,-0.01408451
Middle Island_NY,-0.2924528,-0.2903226,-0.19,0.04878049,-0.08695652,0.05633803,-0.03125,-0.06779661,-0.2345679,-0.2289157,-0.2555556,-0.07142857,0,0.5
Middletown_NY,0.4836066,0.3413655,0.30131,0.1697248,0.1964286,-0.03095238,-0.1125,-0.1513514,-0.143617,-0.08837209,-0.1043165,-0.1141141,-0.1118785,-0.0254491
Middletown_CT,-0.04522613,-0.1075269,0.01117318,-0.0617284,0.007092199,0.0703125,0.1729323,-0.07650273,-0.1970443,-0.1909091,0,0.1457286,0.2473684,0.4759036
Middletown Township_NJ,-0.1541426,-0.1034847,-0.04472843,0.004733728,0,-0.05,-0.05621302,-0.1487179,-0.1428571,-0.1334746,-0.01247401,0.2175824,0.2892938,0.2367491
Milford_CT,0.084,0.06167401,0.08962264,0.1242938,0.26,0.1006289,0.01111111,-0.1481481,-0.1598361,-0.08450704,0.01967213,0.2456747,0.3948339,0.5684647
Monmouth Junction_NJ,0.24,0,-0.2325581,-0.2763158,-0.1290323,-0.0625,-0.4153846,-0.5205479,-0.5824176,-0.5177665,-0.3768116,-0.1538462,-0.01075269,0.1153846
Monroe_CT,-0.2782609,-0.03092784,0.05263158,0.4225352,0.1029412,0.2153846,-0.02597403,0,-0.1616162,-0.1968504,0.125,0.6272727,1.26506,0.787234
Monroe Township_NJ,-0.05950096,-0.02863436,0.01732673,-0.002994012,-0.006734007,-0.01052632,-0.1929825,-0.2685422,-0.4021978,-0.3719008,-0.343254,-0.2828283,-0.09591837,0.07482993
Monroe Township_NJ,-0.03515625,0.0041841,-0.01293103,-0.05069124,-0.1148325,-0.1176471,-0.1111111,-0.1495327,-0.1965812,-0.2248062,-0.1395349,-0.007968127,0.08097166,0.1041667
Montclair_NJ,-0.1855204,0.05369128,-0.006666667,-0.01388889,-0.02439024,0,-0.1570248,-0.2948718,-0.3510638,-0.4327731,-0.2716049,0.04932735,0.4416667,0.5955414
Montgomery Township_NJ,-0.1944444,-0.1011236,-0.03703704,-0.08,-0.2,-0.3207547,-0.2254902,-0.2265625,-0.2037037,-0.2020202,-0.1946903,0.0754717,0.3448276,0.2625
Montville_CT,0.2028986,0.1451613,0.238806,0.0952381,0.109375,0.1272727,0.0952381,-0.1647059,-0.3300971,-0.2761905,-0.08421053,0.1625,0.03614458,0.1126761
Montville Township_NJ,-0.1153846,-0.07777778,-0.02666667,0.1111111,0.1578947,0.1071429,0.08695652,-0.1363636,-0.2588235,-0.3571429,-0.2627119,-0.05405405,0.2608696,0.373494
Morris Plains_NJ,-0.1911765,-0.05357143,0.04166667,0.1447368,0.02666667,0.01282051,-0.2352941,-0.2235294,-0.4166667,-0.3425926,-0.2018349,0.01834862,0.1272727,0.2075472
Morris Township_NJ,-0.02620087,-0.05238095,-0.06818182,-0.05729167,0.05421687,0.05,0.05769231,-0.1388889,-0.2176166,-0.2126697,-0.05531915,0.07860262,0.161435,0.2361809
Mount Sinai_NY,0,0.1830986,0.3015873,0.2962963,0.1607143,0.09433962,0.1,-0.2545455,-0.2142857,-0.3731343,-0.4556962,-0.3614458,-0.2666667,0.05952381
Mount Vernon_NY,0.258427,0.2941176,0.1958763,0,0,-0.02083333,-0.125,-0.2375,-0.3072626,-0.2685714,-0.319797,-0.3367347,-0.3392857,-0.2363636
Naugatuck_CT,-0.05343511,-0.08888889,-0.04379562,0.1428571,0.05660377,0.125,0.0173913,0,-0.1050955,-0.02258065,0.1480263,0.4045802,0.5806452,0.495935
Neptune Township_NJ,-0.03669725,0.05882353,-0.06280193,0.01030928,0.06214689,0.005747126,-0.05202312,-0.3023256,-0.3049327,-0.3709677,-0.275,-0.01321586,0.1047619,0.1313131
New Britain_CT,0.05063291,0.0915493,0.2836879,0.1323529,0.25,0.04901961,0.03539823,-0.02238806,-0.1234568,-0.03680982,-0.1304348,0.1401274,0.1686747,0.1870968
New Brunswick_NJ,-0.1555556,-0.04938272,0.238806,0.2461538,0.03125,-0.109375,-0.1403509,-0.1846154,-0.4366197,-0.5,-0.5769231,-0.4027778,-0.3421053,-0.3376623
New Canaan_CT,0.04494382,0.3666667,0.15625,0.119403,0.06896552,0.1272727,0.2916667,0.2222222,0.07291667,0.3942308,0.8811881,1.382979,1.150538,1.134146
New Fairfield_CT,0.1290323,-0.1621622,0,0.1160714,0.3536585,0.1447368,0,0,0,0.1351351,0.5063291,1.086957,1.014286,1.032258
New Haven_CT,-0.03,0.005464481,0.005376344,0.1272727,0.1262136,0.06666667,-0.1362319,-0.2295918,-0.1866667,-0.05439331,0.092827,0.2156863,0.1649485,0.08152174
New Milford_CT,0.02453988,0.06164384,-0.02054795,0.01666667,0.07368421,0.15,0.1428571,0.1212121,-0.06349206,-0.02816901,0.0125,0.03030303,0.1976048,0.3290323
New Rochelle_NY,-0.1017964,-0.2662722,-0.2586207,-0.2710843,-0.05479452,0.05,0.06603774,-0.1875,-0.2682927,-0.2279412,-0.173913,0.1768707,0.2666667,0.6854839
Newark_NJ,0.05555556,0.2887701,0.2904884,0.302139,0.2574526,0.105,-0.04381443,-0.2658537,-0.2369146,-0.07859079,0.04735376,0.1246612,-0.1315789,-0.2863071
Newark_NY,-0.05785124,-0.07627119,0.02970297,0,0.3142857,0.01315789,0.03947368,-0.257732,-0.3660714,-0.4390244,-0.3333333,-0.3275862,-0.2894737,-0.2293578
Newington_CT,0.01538462,-0.04511278,0.04411765,-0.01976285,-0.06493506,-0.1435407,0.035,0.2570093,0.08148148,0.03125,0.04242424,0.3493151,0.5909091,0.5748031
Newton_NJ,-0.02027027,0.03676471,-0.1034483,-0.1594203,-0.08849558,-0.1308411,-0.244898,-0.1886792,-0.06557377,0.09558824,0.1575342,0.3768116,0.3724138,0.3191489
Newtown_CT,0.1777778,0.03174603,-0.01470588,-0.06923077,0.1650485,0.2,0.2083333,0.09375,0.04166667,0.1806452,0.44375,0.6792453,0.6698113,0.8346154
Niantic_CT,0.1558442,0,0.3333333,0.4166667,0.5789474,0,-0.1428571,-0.2368421,0,0.3181818,0.4864865,0.183908,0.1235955,0.1315789
North Babylon_NY,-0.01388889,0.09230769,0.4727273,0.6603774,0.2089552,0.07936508,0.03225806,0.1034483,0.01785714,-0.2631579,-0.4047619,-0.3777778,-0.1408451,-0.1126761
North Bergen Township_NJ,0.1691176,0.096,0,-0.05128205,0.1089109,-0.01666667,-0.2786885,-0.4255319,-0.3951613,-0.2910448,-0.2957746,-0.2125,-0.2201258,-0.1970803
North Brunswick Township_NJ,0.1139241,-0.04487179,-0.3,-0.3540373,-0.3875,-0.2137405,-0.24,-0.3835616,-0.502994,-0.4340659,-0.3049451,-0.1510989,0.002840909,0.2483221
North Haledon_NJ,-0.1168831,-0.2222222,-0.1973684,-0.1780822,-0.075,-0.25,-0.4538462,-0.5238095,-0.5285714,-0.4354839,-0.4166667,-0.06451613,0.08088235,0.2142857
North Haven_CT,0.06140351,-0.009803922,-0.05208333,-0.01298701,0.02985075,0.03076923,-0.1111111,-0.2631579,-0.2685185,-0.1147541,-0.04,0.072,0.1239669,0.3762376
North New Hyde Park_NY,0.1509434,-0.02803738,-0.1092437,-0.05084746,0.08181818,0.02,-0.1954023,-0.5,-0.5154639,-0.3714286,-0.4180328,-0.304,-0.04918033,0.3076923
Norwalk_CT,-0.08967391,-0.1089744,0.01328904,0.2226721,0.5069767,0.4720812,0.3041475,-0.07118644,-0.2492918,-0.2130751,0,0.3146667,0.5671642,0.7841727
Norwich_CT,-0.02898551,0.225,0.3442623,0.3425926,0.1875,-0.008928571,-0.15625,-0.1804511,-0.2297297,-0.02,0.3597122,0.7539683,0.6268657,0.2312925
Nutley_NJ,0.1428571,0.07476636,0.04807692,0.08653846,0.1444444,0.382716,0.2375,0.05,-0.2123894,-0.2936508,-0.238806,-0.1176471,0.05078125,0.1347826
Oakland_NJ,-0.02380952,0.078125,-0.1060606,-0.08928571,-0.05769231,0.2926829,0.2682927,0.18,-0.08064516,-0.09859155,-0.03846154,0.03488372,0.07317073,0.1304348
Ocean Acres_NJ,-0.1680328,-0.1130435,-0.08849558,0.08717949,0.1595092,0.2792208,0.01104972,-0.2161017,-0.2519685,-0.25,0.04347826,0.2961373,0.5049261,0.2720588
Ocean Township_NJ,-0.1501832,-0.1755725,-0.02777778,0.03846154,0.1736842,0.03910615,0.01714286,-0.2149123,-0.2822581,-0.2687747,-0.1583012,0.07113821,0.2737069,0.2152778
Oceanside_NY,0.1809524,0.1262136,0.2156863,0.122449,0.125,0.2142857,-0.08823529,-0.1643836,-0.3170732,-0.313253,-0.3300971,-0.2380952,-0.1048387,-0.01724138
Old Bridge Township_NJ,-0.1170732,-0.1755319,-0.1363636,-0.1666667,-0.1811594,-0.2720588,-0.3884892,-0.5649351,-0.5508982,-0.4186747,-0.1842105,-0.07458564,0,0.1612903
Old Saybrook_CT,0.1904762,-0.09230769,0.1891892,0.2873563,0.3924051,0.1891892,0.2380952,-0.1851852,-0.2089552,-0.01333333,0.1666667,0.2597403,0.07333333,0.1949153
Orange_NJ,0.3921569,0.1896552,-0.07936508,-0.1549296,-0.173913,-0.2597403,-0.5,-0.6428571,-0.4927536,-0.3714286,-0.04918033,-0.05633803,-0.05633803,-0.04347826
Orangetown_NY,-0.005291005,0.005555556,-0.05945946,-0.07650273,-0.1235294,-0.07894737,-0.2260274,-0.2738854,-0.3333333,-0.2369942,-0.1428571,-0.0802139,0.0106383,0.09668508
Ortley Beach_NJ,-0.2365591,-0.3956044,-0.4347826,-0.2465753,-0.06818182,0.025,-0.1015625,-0.3289474,-0.1466667,-0.1168831,0.1066667,0.1012658,0.5070423,1
Oxford_CT,-0.078125,0.1296296,0.4222222,0.8064516,0.5,0.3448276,0.09756098,-0.08333333,-0.0990991,-0.1452991,0.05882353,0.2017544,0.2966102,0.3032787
Paramus_NJ,-0.1545455,-0.1727273,-0.106383,0.06329114,0.4166667,0.2753623,0.2153846,-0.1298701,-0.1882353,-0.1648352,0.1208791,0.1989247,0.2741935,0.1483516
Parlin_NJ,-0.2982456,-0.2857143,0.02380952,-0.01265823,0.12,-0.046875,0.02985075,-0.02985075,-0.212766,-0.3274336,-0.2605042,0,0.5125,0.9142857
Parsippany-Troy Hills Township_NJ,-0.007042254,0.05607477,-0.009615385,-0.04854369,-0.125,-0.04444444,-0.1204819,-0.2666667,-0.3679245,-0.300885,-0.2301587,-0.1678832,-0.07801418,0.1858407
Patchogue_NY,-0.1515152,-0.2568807,-0.0964467,-0.01081081,-0.02247191,-0.06508876,-0.1428571,-0.1845238,-0.2275449,-0.2342857,-0.2892157,-0.236715,-0.1428571,0.1975309
Paterson_NJ,-0.1004367,-0.1399177,-0.1596639,-0.2164179,-0.2167577,-0.1907308,-0.2059448,-0.2991071,-0.3033175,-0.2714286,-0.1692308,-0.2153846,-0.1650485,-0.3062201
Peekskill_NY,-0.08247423,-0.1836735,-0.3238095,-0.2234043,-0.2098765,-0.0625,-0.2258065,-0.2898551,-0.32,-0.2894737,-0.2345679,-0.3258427,-0.1685393,-0.025
Perth Amboy_NJ,-0.2814815,-0.1681416,-0.2149533,-0.03333333,-0.125,-0.08641975,-0.2528736,-0.369863,-0.3387097,-0.3548387,-0.3866667,-0.4660194,-0.1340206,0
Piscataway_NJ,-0.05454545,-0.165,-0.171123,-0.04294479,0.1184211,0.01342282,-0.21875,-0.416185,-0.5517241,-0.4862385,-0.4411765,-0.25,-0.07692308,0.2155689
Plainfield_NJ,-0.08042489,-0.1226415,-0.1355422,-0.07718121,-0.04946996,-0.1231884,-0.3427673,-0.4150943,-0.4245283,-0.2644068,-0.1521036,-0.0166113,-0.08250825,-0.07885305
Plainfield_CT,-0.1946309,-0.09677419,0.1538462,0.1960784,0.07142857,0,0,0.05645161,0.05737705,-0.0859375,-0.06349206,-0.04761905,0.08333333,0.2678571
Plainsboro Township_NJ,0,-0.1710526,-0.2096774,-0.3898305,-0.4888889,-0.3953488,-0.3777778,-0.3650794,-0.3970588,-0.4204545,-0.5,-0.3402062,-0.08641975,0.4444444
Plainview_NY,-0.05696203,-0.09489051,-0.02985075,-0.03174603,-0.02380952,-0.09482759,-0.1848739,-0.1810345,-0.09166667,-0.1751825,-0.335443,-0.3116883,-0.1744966,0.2983871
Plainville_CT,0.3225806,0.4833333,0.2753623,0.3859649,0.0877193,-0.04444444,-0.2407407,-0.28125,-0.1506849,0.1449275,0.3333333,0.3287671,0.06097561,0.01123596
Pleasantville_NJ,-0.2992126,-0.2478632,-0.1346154,-0.0625,0.01149425,-0.02020202,-0.0776699,-0.1136364,-0.1818182,-0.2871287,-0.234375,-0.2592593,-0.4157303,-0.6704545
Point Pleasant_NJ,-0.09326425,-0.1428571,-0.1231527,-0.1611111,-0.07843137,-0.03846154,-0.0546875,-0.1720779,-0.2017544,-0.05865922,0.06432749,0.375,0.2628571,0.3214286
Pompton Lakes_NJ,-0.2151899,-0.1666667,0,0.01639344,0.1875,-0.09090909,-0.3934426,-0.4857143,-0.4933333,-0.4166667,-0.402439,-0.08695652,0.2419355,0.3
Port Chester_NY,0.1775701,0.04444444,-0.2446809,-0.2197802,-0.2093023,-0.2077922,-0.3472222,-0.4444444,-0.4251497,-0.2923077,-0.2,-0.1167883,0.007936508,0.3191489
Port Jefferson Station_NY,-0.2302158,-0.2047244,-0.2279412,-0.02941176,-0.1212121,0.03703704,-0.07608696,-0.2037037,-0.2807018,-0.379845,-0.1953125,-0.01639344,0.4766355,0.5544554
Port Jervis_NY,0.1212121,-0.04,0.04938272,0.06666667,0.2622951,-0.2121212,-0.3064516,-0.4179104,-0.3768116,-0.2539683,-0.04545455,-0.01428571,0.2567568,0.1805556
Port Washington_NY,0.1428571,0.2857143,0.2467532,0.3287671,0.3676471,0.2786885,0.1052632,-0.07407407,-0.2361111,-0.1851852,-0.2523364,-0.02702703,0.08035714,0.2424242
Princeton_NJ,-0.02,0.1308901,0.1314286,0.03614458,-0.006756757,-0.08571429,-0.2291667,-0.3277778,-0.3632075,-0.2771084,-0.1710037,-0.01515152,0.04285714,0.1041667
Rahway_NJ,-0.1678322,-0.1666667,-0.1484375,-0.1825397,-0.2222222,-0.231405,-0.2389381,-0.1869159,-0.1826923,-0.1792453,-0.1696429,-0.02586207,0.04201681,0.09090909
Ramapo_NY,-0.1013917,-0.05543237,-0.1132479,0.00118624,0.04551046,0.006257822,-0.03856041,-0.07207207,-0.06324111,-0.1291925,-0.01856148,-0.03508772,-0.02876106,-0.08215962
Ramsey_NJ,-0.3909091,-0.2333333,-0.1428571,-0.1733333,-0.09836066,0.08163265,0.2888889,0.07692308,-0.2179487,-0.1075269,0.08163265,0.68,0.7761194,0.5072464
Randolph Township_NJ,-0.2463768,-0.2321429,-0.03,0.1851852,0.3285714,0.173913,-0.04166667,-0.2758621,-0.4380952,-0.3307692,-0.007407407,0.152,0.3846154,0.5697674
Raritan Township_NJ,-0.0273224,0.02580645,-0.006329114,-0.02173913,-0.1037037,-0.0661157,-0.06349206,-0.09230769,-0.2702703,-0.3276836,-0.225641,0.09473684,0.2696629,0.3018868
Readington Township_NJ,-0.1111111,-0.1147541,0.1458333,0.08,0.1914894,0.3571429,0.1346154,0.1071429,-0.1764706,-0.2638889,-0.3950617,-0.1052632,0.09375,0.4074074
Ridge_NY,-0.03424658,-0.2042254,-0.008547009,0.1494253,0.4666667,0.02105263,-0.1041667,-0.2065217,-0.2045455,-0.1666667,-0.2962963,-0.09558824,-0.007092199,0.3628319
Ridgefield_CT,-0.009009009,-0.05494505,-0.07,0.1463415,0.5076923,0.6315789,0.1139241,-0.03125,-0.1300813,0.2631579,0.54,1.149606,1.477273,1.947674
Ridgewood_NJ,0.00862069,0.1978022,0.2727273,0.2898551,0.2537313,0.130137,0.05357143,-0.046875,0.009345794,-0.03676471,0.1678322,0.262069,0.4102564,0.2201835
Ringwood_NJ,-0.1463415,-0.07142857,-0.12,-0.1230769,-0.1016949,0.02040816,0,-0.2222222,-0.1551724,-0.09090909,0.1066667,0.3970588,0.4142857,0.3384615
River Vale_NJ,0.02564103,0.212766,0.2272727,0.2337662,0.2191781,0.1985294,0.2083333,0.1428571,0.08522727,0.09574468,0.1100917,0.1596639,0.3,0.254386
Riverhead_NY,-0.07586207,-0.1360544,-0.1458333,-0.06015038,0.09259259,0.2159091,0.0106383,-0.1926606,-0.275,-0.3259259,-0.3263889,-0.3701299,-0.1865672,-0.04724409
Robbinsville Township_NJ,-0.1803279,-0.09183673,-0.1578947,-0.2444444,-0.2631579,-0.2835821,-0.4,-0.375,-0.364532,-0.3896104,-0.3080169,0.009009009,0.39,0.6741573
Rockaway Township_NJ,-0.2254902,-0.07142857,-0.1348315,-0.1509434,-0.2516129,-0.07627119,-0.1315789,-0.2992126,-0.2608696,-0.1753247,-0.01898734,0.192053,0.1582278,0.1794872
Rockville Centre_NY,-0.1555556,-0.25,-0.244186,-0.2368421,-0.1774194,-0.1886792,-0.08333333,-0.1538462,0.09615385,-0.1,-0.1927711,-0.1860465,-0.01315789,0.3181818
Rocky Hill_CT,-0.1775701,-0.2075472,-0.2277228,-0.2771084,-0.05,-0.01639344,-0.046875,-0.2105263,-0.4479167,-0.3125,-0.008849558,0.5,0.5227273,0.3214286
Rocky Point_NY,0.0867052,-0.07142857,-0.1136364,-0.1234568,-0.1265823,-0.1048951,-0.07482993,-0.1320755,-0.1038961,-0.1049383,-0.1032609,-0.1082474,-0.08510638,0.03205128
Ronkonkoma_NY,-0.131068,-0.2365591,-0.2727273,-0.1842105,-0.1818182,0,0,-0.08,-0.2047244,-0.3660131,-0.3461538,-0.3045685,-0.1787709,0.1197183
Roselle_NJ,-0.09448819,-0.01801802,-0.1826087,-0.1754386,-0.1440678,-0.248,-0.25,-0.4017857,-0.3669725,-0.4262295,-0.3697479,-0.3467742,-0.1565217,-0.08256881
Roxbury Township_NJ,-0.1153846,-0.1008403,-0.1192661,-0.22,-0.127907,-0.09195402,0.2077922,-0.04210526,0.02752294,-0.1269841,0.072,0.2727273,0.326087,0.4158879
Rumson_NJ,0.04225352,0.09375,0.08088235,-0.1642857,-0.225,-0.08928571,0.4146341,0.2745098,0.1692308,0.1590909,0.344086,0.6923077,0.4864865,0.2857143
Rutherford_NJ,0.1964286,0.3636364,0.5777778,0.4651163,0.3085106,0.2555556,0.3522727,0.2,-0.1129032,-0.304878,-0.2555556,0.1447368,0.3880597,0.4
Saint James_NY,-0.1958763,0.1,0.7924528,1.021277,0.8518519,0.7083333,0.4313725,0.1960784,-0.01538462,-0.2207792,-0.2528736,0.08860759,0.4358974,0.6623377
Sayreville_NJ,0,0.1216216,0.01449275,-0.08064516,-0.1346154,-0.02325581,-0.173913,-0.2407407,-0.3809524,-0.2028986,-0.2875,-0.3103448,-0.2209302,-0.09638554
Scarsdale_NY,-0.04945055,0.09016393,-0.05426357,-0.132,-0.1991525,-0.1435644,-0.1414141,-0.1694915,-0.3205128,-0.3366337,-0.2044444,0.1176471,0.4219653,0.6691729
Scotch Plains_NJ,-0.1780822,-0.03333333,-0.1071429,0.01136364,0.1066667,-0.02469136,-0.2173913,-0.375,-0.3064516,-0.2,0.05645161,0.35,0.375,0.2155172
Seaford_NY,-0.07317073,-0.1948052,-0.01612903,-0.1016949,0.01639344,-0.1549296,-0.2368421,-0.3661972,-0.4342105,-0.25,-0.2820513,0.08955224,0.1315789,0.5483871
Selden_NY,-0.1135531,-0.2075472,-0.144,0.08823529,0.1789474,0.1707317,0.1411765,0.02531646,-0.2277228,-0.3185841,-0.3732394,-0.2205882,0.0661157,0.3904762
Setauket_NY,-0.01020408,-0.05813953,0.08860759,0.125,0.1176471,-0.05479452,-0.06756757,0.0472973,-0.1588235,-0.3,-0.3666667,-0.2991453,-0.06185567,0.09876543
Seymour_CT,0.01408451,0.1311475,0.3461538,0.7560976,0.6857143,0.5454545,0.1363636,-0.1071429,-0.2142857,-0.04166667,0.02469136,0.075,0.1944444,0.3768116
Shelton_CT,0.07486631,0.03488372,0.1036585,0.137931,0.1550388,0.07438017,0.1056911,-0.05369128,-0.1381215,-0.09345794,0.02173913,0.3588517,0.3731343,0.5505618
Shirley_NY,-0.08938547,-0.1420118,0.003367003,0.08243728,0.0989011,0.03649635,-0.02721088,-0.1801242,-0.2165605,-0.3567251,-0.3111111,-0.2486772,-0.006134969,0.1448276
Short Hills_NJ,0.3684211,0.2325581,0.1463415,0.1463415,0.1818182,0.1052632,-0.1041667,-0.147541,-0.03174603,0.09333333,0.06930693,0.1938776,0.4166667,0.6132075
Simsbury_CT,0.2096774,0.2169811,0.212766,0.275641,0.2214286,0.219697,0.07692308,-0.05660377,-0.02222222,0.07333333,0.1257862,0.1153846,0.09666667,0.1976744
Smithtown_NY,-0.08743169,-0.1139241,0.1258741,0.1870229,0.473913,0.2699115,0,-0.2142857,-0.2781955,-0.2357143,-0.1708861,-0.0516129,0.0239521,0.2857143
South Amboy_NJ,-0.3492063,-0.01980198,-0.06185567,-0.1359223,-0.3,-0.2626263,-0.2777778,-0.4433962,-0.4955752,-0.4414414,-0.1263158,0.07228916,0.1219512,-0.03030303
South Brunswick Township_NJ,0.11,0.1333333,-0.1190476,-0.313253,-0.3857143,-0.4090909,-0.3333333,-0.4931507,-0.4415584,-0.3939394,-0.245283,-0.2666667,-0.06306306,-0.02941176
South Orange_NJ,-0.02439024,-0.1486486,-0.09589041,-0.05405405,0.109375,0.01515152,-0.06153846,-0.2705882,-0.2526316,-0.288,-0.1811024,-0.05309735,0.2625,0.6031746
South Plainfield_NJ,-0.3015873,-0.1181818,0.02083333,0.2948718,-0.02531646,-0.01388889,-0.3298969,-0.2815534,-0.4098361,-0.3583333,-0.1775701,-0.06862745,0.2045455,0.05154639
South Windsor_CT,0.1133333,0.1777778,0.1984733,0.2901786,0.2878788,0.1483516,-0.07,-0.1061947,-0.1266667,-0.05428571,0.03968254,0.1045198,0.2814371,0.3522013
Southampton_NY,-0.03097345,-0.15,-0.03191489,0.07228916,0.3787879,0.3,-0.0625,-0.3516484,-0.2526316,-0.04301075,0.04587156,0.1561181,0.3789954,0.6791444
Southbury_CT,0.05732484,-0.01538462,-0.1060606,-0.03809524,0.08737864,0.1630435,0.02941176,-0.06451613,-0.08275862,0.03030303,0.1751412,0.3092486,0.5391566,0.9023438
Southington_CT,0.04830918,0.2209302,0.2060606,0.4330709,0.279661,0.1762295,0.03767123,-0.01453488,-0.03755869,0.01239669,0.1155378,0.254386,0.2534562,0.2142857
Sparta Township_NJ,-0.05294118,-0.10625,0,-0.01550388,-0.01769912,-0.1061947,-0.0990991,-0.01626016,-0.07971014,-0.1054217,-0.1065574,0.2115385,0.4223602,0.4755245
Springfield_NJ,-0.304878,-0.1538462,0.1,0.2931034,0.4375,0.1489362,-0.03773585,-0.1642857,-0.15625,0.006578947,0.2676056,0.7096774,0.8070175,0.6909091
Stamford_CT,0.1766234,0.01608579,0.03856749,0.06134969,0.2365591,0.1757812,0.06101695,-0.2109375,-0.2476636,-0.1746725,0.05970149,0.3253275,0.4039735,0.591029
Stanhope_NJ,-0.1641791,-0.1290323,-0.02,0.09803922,0.2,0.1525424,-0.09836066,-0.28125,-0.1578947,0.06140351,0.3947368,0.3534483,0.4821429,0.2592593
Stonington_CT,0.2727273,0.3605442,0.390625,0.0877193,0.1041667,0.09302326,0.4210526,-0.05263158,0.05,-0.07692308,0.07692308,-0.07216495,-0.1142857,-0.03
Stony Brook_NY,-0.2061856,-0.326087,-0.3294118,-0.2153846,0.05769231,0.07843137,-0.01851852,-0.2037037,-0.16,-0.1052632,-0.2328767,-0.1666667,-0.1038961,0.3064516
Stratford_CT,0.01,0.01851852,-0.06271777,-0.075,-0.1261261,0.08108108,-0.08444444,-0.08076923,-0.2020202,-0.08176101,-0.01533742,0.2126246,0.2343234,0.4727273
Suffield_CT,-0.2473118,-0.2098765,-0.1917808,-0.0877193,0.173913,0.5322581,0.5967742,0.5,0.1343284,-0.01204819,0.2261905,0.3846154,0.6714286,0.390625
Summit_NJ,-0.05376344,0.01282051,0.16,0.5333333,0.4827586,0.4727273,-0.02739726,0.06578947,-0.09782609,0.01869159,0.1271186,0.5283019,0.7954545,0.8987342
Syosset_NY,0.1166667,0.0754717,0.1648352,-0.02083333,0.07526882,-0.06060606,-0.1010101,-0.1809524,-0.1923077,-0.2125984,-0.162963,-0.1066667,0.1044776,0.4473684
Teaneck_NJ,0.03846154,0.09375,0.2444444,0.1349206,0.2105263,0.05384615,0.007575758,-0.3312102,-0.447205,-0.3278689,-0.1846154,-0.04060914,-0.08465608,-0.16
Tinton Falls_NJ,-0.1239669,-0.1238938,-0.1403509,-0.2704918,-0.3097345,-0.3398058,-0.1590909,-0.1634615,-0.2419355,-0.3424658,-0.1578947,0.09836066,0.2358491,0.1010101
Tolland_CT,0.04411765,-0.1186441,-0.1568627,0.1111111,0.2894737,0.5,0.075,0.03571429,0,0.07594937,-0.04651163,-0.1034483,-0.02816901,0.3269231
Toms River_NJ,-0.1219158,-0.03940887,-0.01980198,0.01289134,0.1147541,-0.004310345,-0.07081545,-0.2222222,-0.2323232,-0.1225416,0.1068111,0.2434109,0.2958678,0.1846154
Torrington_CT,-0.00625,-0.07006369,-0.1410256,-0.2077922,-0.1666667,-0.03252033,-0.08633094,-0.1045752,-0.1139241,0.01234568,0.1369048,0.2790698,0.4150943,0.6164384
Town Of Blooming Grove_NY,0.1,0.390625,0.7142857,1.133333,0.5,0.3061224,0.04255319,-0.1020408,-0.18,0,0.220339,0.3181818,0.3636364,0.3370787
Town Of Carmel_NY,0.2135922,0.2631579,0.1910112,-0.04,-0.1,-0.1919192,-0.1666667,-0.2727273,-0.25,-0.172043,-0.1075269,-0.1964286,-0.224,-0.05
Town of Chester_NY,0.06756757,0.04,0.06410256,0.02614379,0,-0.04651163,-0.1666667,-0.2678571,-0.4029851,-0.4230769,-0.2159091,0,0.3164557,0.3974359
Town Of Clarkstown_NY,-0.04878049,0.04597701,-0.01111111,0.02793296,0.08433735,0.08333333,-0.1079137,-0.2,-0.3081395,-0.125,-0.02185792,-0.04950495,0.1333333,0.2912088
Town Of East Fishkill_NY,0.08588957,0.01282051,-0.04666667,-0.128,0.07142857,0.02222222,-0.127907,-0.3267327,-0.4017857,-0.2890625,-0.1086957,-0.06622517,-0.0960452,-0.0443038
Town of Fishkill_NY,0.02298851,0.05952381,0.01098901,0.03529412,0.04166667,0,-0.09803922,0.01886792,-0.1416667,-0.09558824,-0.09027778,-0.1728395,-0.04494382,-0.02247191
Town Of Greenburgh_NY,-0.07216495,0.09333333,0.02898551,0.03174603,0,-0.03636364,-0.2333333,-0.2461538,-0.115942,-0.1066667,-0.08536585,-0.1797753,-0.1777778,-0.01219512
Town of Hempstead_NY,-0.1741294,-0.172043,-0.2277228,-0.1881188,-0.2058824,-0.0989011,-0.1066667,-0.258427,-0.3265306,-0.3173077,-0.1276596,-0.07954545,0.03614458,0.05194805
Town of Islip_NY,-0.1587302,-0.1683398,-0.04564315,0.1683119,0.1940994,0.1434152,-0.01495726,-0.166004,-0.2570093,-0.3655914,-0.3775281,-0.290611,-0.09187859,0.1522748
Town of Monroe_NY,0.003745318,-0.07806691,-0.05179283,-0.05349794,-0.1358025,-0.2945736,-0.3712121,-0.257384,-0.2036199,-0.04888889,-0.1050584,-0.01071429,0.141791,0.2701613
Town of New Windsor_NY,0.006944444,-0.163522,-0.08484848,-0.212766,-0.2336957,-0.3497268,-0.2919255,-0.3014184,-0.3267717,-0.1572581,-0.1088435,0.1879195,0.3448276,0.5037594
Town of Newburgh_NY,0.1410891,0.2604167,0.3128205,0.2063492,0.2247191,0.1005587,0,-0.2247191,-0.1875,-0.2142857,0.01228501,0.04136253,0.197397,0.1404959
Town Of Ossining_NY,-0.2277228,-0.04819277,0,0.07228916,0.02564103,0.1515152,0.08064516,0.07142857,0.02666667,0.1621622,0.2179487,0.3866667,0.4358974,0.5822785
Town of Poughkeepsie_NY,-0.02416918,0.0130719,0.07876712,0.3688525,0.4362745,0.3031915,-0.07894737,-0.2826087,-0.3467742,-0.3823529,-0.3060201,-0.159306,-0.03250774,0.08064516
Town of Saugerties_NY,0.1162791,0.03448276,0.1395349,0.38,0.5447761,0.6403509,0.1538462,-0.07142857,-0.2564103,-0.2068966,-0.2424242,-0.03883495,0.15625,0.2111111
Town Of Shawangunk_NY,-0.03125,0.03846154,0.1287129,0.1546392,0.08163265,-0.02061856,-0.06060606,0.03225806,-0.1287129,-0.2155172,-0.3211679,-0.2666667,-0.06451613,0.1944444
Town Of Somers_NY,0.2479339,0.3047619,0.04587156,-0.03921569,-0.03125,0.1046512,0.225,-0.1782178,-0.3781513,-0.3307692,-0.2183099,0.1048951,0.04304636,0.2956204
Town Of Southeast_NY,-0.1111111,-0.02666667,0.03076923,-0.04918033,-0.01851852,0.03571429,-0.01886792,-0.1052632,-0.05454545,-0.2837838,-0.1842105,-0.1772152,0.04861111,0.130137
Town of Warwick_NY,-0.1639344,-0.146789,0.05319149,0.1052632,0.05376344,-0.1382979,-0.244186,-0.2941176,-0.3229167,-0.3394495,-0.210084,0.03448276,0.372549,0.516129
Town Of Yorktown_NY,0.1111111,0.2170543,0.2941176,0.1322314,-0.07086614,-0.2195122,-0.3478261,-0.4206349,-0.3888889,-0.322695,-0.1587838,-0.1475904,0.01764706,0.1273885
Trenton_NJ,-0.03947368,-0.1120448,-0.1674641,-0.1479029,-0.01466993,0.007518797,-0.2189189,-0.3849879,-0.4739583,-0.3350515,-0.2630273,-0.05882353,0.04931507,0.1987382
Trumbull_CT,0.05228758,0.04444444,0.1666667,0.02678571,0.09803922,-0.07407407,0.07438017,-0.01526718,-0.07272727,-0.01578947,0.1698113,0.4677419,0.621118,0.6170213
Union_NJ,-0.006237006,-0.01204819,-0.015625,0.004219409,0.06467662,-0.002762431,-0.1132597,-0.2818627,-0.3333333,-0.2913043,-0.1982759,-0.08264463,-0.0125523,0.05284553
Union_NY,-0.2765957,-0.2825397,-0.2135593,-0.1417323,-0.1607143,-0.09615385,-0.1153846,-0.234375,-0.3941606,-0.4705882,-0.3265306,-0.06299213,0.1512605,0.2035398
Union City_NJ,-0.08695652,0.02325581,-0.04545455,-0.08139535,-0.1084337,-0.09090909,-0.2345679,-0.3703704,-0.4512195,-0.4782609,-0.2857143,-0.1052632,0.1428571,0
Valley Stream_NY,-0.1266968,-0.1015228,-0.1363636,0.002985075,0.06031746,0.03703704,-0.2662338,-0.443038,-0.5202312,-0.3826531,-0.3395349,-0.271028,-0.1036269,0
Vernon Rockville_CT,-0.08928571,0.1428571,0.08490566,-0.02061856,-0.1590909,-0.02666667,-0.1149425,-0.1782178,-0.220339,-0.08196721,0.2347826,0.4455446,0.3039216,0.125
Vernon Township_NJ,-0.2264151,-0.2745098,-0.245098,-0.2065217,-0.1463415,-0.1666667,-0.1846154,0.2830189,0.1060606,-0.04819277,-0.2755102,-0.01149425,0.08536585,0.1756757
Verona_NJ,-0.02197802,0.1710526,0.1506849,0.08450704,0.1129032,0.01666667,-0.02816901,-0.1125,-0.2967033,-0.2857143,-0.0733945,0.1376147,0.3707865,0.1573034
Walden_NY,-0.09230769,-0.04615385,0.1206897,0.08474576,0.1538462,0,-0.1578947,-0.362069,-0.53125,-0.5,-0.1232877,0.1940299,0.5084746,0.1290323
Wall Township_NJ,-0.2980132,-0.1181102,-0.2061069,-0.2089552,-0.192,0.08571429,0.06730769,-0.04237288,-0.2,-0.1702128,0.02479339,0.2844828,0.4245283,0.5
Wallingford_CT,-0.07514451,-0.03773585,-0.075,0.007042254,-0.1724138,0.06086957,-0.1276596,-0.1590909,-0.2747748,-0.172093,-0.05670103,0.1147059,0.321875,0.4803922
Wantage Township_NJ,-0.2269504,-0.2074074,-0.2727273,-0.04716981,0.1494253,0.1294118,-0.2574257,-0.3859649,-0.3577982,-0.1333333,0.03738318,0.2053571,0.3211009,0.1869159
Wantagh_NY,-0.1259843,-0.02752294,0.1485149,0.06730769,0.09090909,0.02272727,0.1486486,-0.07142857,-0.1182796,-0.1896552,-0.2295082,-0.1451613,-0.02252252,0.1462264
Wappinger_NY,-0.2192513,-0.3186813,-0.2457143,-0.1103448,0.1351351,0.1777778,-0.1208791,-0.3271028,-0.3934426,-0.328,-0.2816901,-0.07246377,-0.04794521,0.2016129
Warren Township_NJ,0.05263158,-0.02857143,-0.07692308,-0.07352941,-0.0952381,0.212766,0.2,0.1707317,-0.08910891,-0.008547009,-0.03355705,-0.04819277,-0.0875,-0.1617647
Waterbury_CT,-0.128655,-0.05538462,-0.0621118,0.09507042,0.1325758,0.09056604,0.01901141,-0.04444444,-0.1453901,-0.1706587,-0.03550296,0.07440476,0.2919463,0.2964169
Waterford_CT,0.03111111,0.06403941,0.02105263,-0.03370787,0.01162791,-0.08045977,-0.1333333,-0.2268041,-0.35,-0.3181818,-0.2335766,0.01209677,0.2284483,0.3657407
Watertown_CT,-0.0625,-0.06122449,-0.02083333,0.1012658,0.1641791,0.1016949,-0.04761905,-0.09722222,-0.1139241,-0.06593407,0.02884615,0.1203704,0.1428571,0.1413043
Wayne_NJ,0.01619433,0.234375,0.2,0.1273713,0.04392765,0.01305483,-0.1133005,-0.2077295,-0.1095238,-0.004504505,0.1487603,0.248996,0.2629482,0.2151899
Weehawken_NJ,-0.05063291,-0.0875,-0.1168831,0.03389831,0.3673469,0.5106383,0.2181818,-0.1323529,-0.3809524,-0.4536082,-0.5,-0.2289157,-0.1866667,-0.260274
West Babylon_NY,0.02797203,-0.05,0.06923077,0.1440678,0.3535354,0.03809524,-0.1504425,-0.1637931,-0.08547009,-0.01587302,-0.07482993,-0.06622517,0.02040816,0.1052632
West Caldwell_NJ,0.1315789,0.15,0.2272727,0.2168675,0.6769231,0.4923077,0.1969697,-0.1566265,-0.1666667,-0.1025641,-0.05384615,-0.007462687,0.08527132,0.2521739
West Hartford_CT,-0.07443366,-0.003875969,0.04048583,0.08482143,0.0959596,0.2655367,0.2417062,0.01023891,-0.1005435,-0.1588785,-0.03373494,0.1260504,0.3671329,0.4708171
West Haven_CT,0.1885714,0.1515152,0.1419355,0.1805556,0.1072664,0.04561404,-0.1410658,-0.191358,-0.3033708,-0.07926829,0.02688172,0.119403,0.1346154,0.08947368
West Hempstead_NY,-0.2535211,-0.140625,-0.1449275,0.07352941,-0.01492537,-0.05357143,-0.3,-0.4035088,-0.3636364,-0.3968254,-0.3770492,-0.4117647,0.09433962,0.2909091
West Milford_NJ,0.07453416,0.14,0.09150327,0.01234568,0.04081633,-0.1125,-0.2364865,-0.3952096,-0.3584906,-0.3333333,-0.2034884,-0.2356322,-0.1618497,-0.2280702
West New York_NJ,-0.1884058,-0.1456311,-0.1111111,-0.03521127,-0.02362205,-0.05645161,-0.2554745,-0.3020134,-0.39375,-0.3870968,-0.2903226,-0.124183,0.02857143,-0.02272727
West Orange_NJ,-0.1881919,-0.1953125,-0.1452282,-0.04347826,0.005586592,-0.08928571,-0.244898,-0.2216981,-0.1929825,-0.2283465,-0.06719368,0.127572,0.3863636,0.4466019
West Windsor Township_NJ,-0.18,-0.16,-0.1746032,-0.1272727,0.0212766,0,0.04166667,0.08163265,-0.024,-0.3005464,-0.255814,-0.1132075,0.2439024,0.4761905
Westbury_NY,-0.07453416,-0.02097902,0.05925926,0.006993007,-0.04225352,-0.1463415,-0.4224138,-0.539823,-0.632,-0.4563492,-0.3829787,-0.2715232,-0.09060403,0.02857143
Westfield_NJ,-0.1032258,-0.0546875,0.008333333,0.07079646,0.02586207,0.1,0.125,-0.05343511,-0.1304348,-0.1277778,0.02688172,0.2264151,0.3381295,0.5123967
Westport_CT,0.02222222,0.1203704,0.2210526,0.4936709,1.226415,0.8928571,0.2391304,0.07017544,0.1347518,0.7619048,0.9642857,1.028777,0.7898551,0.8181818
Wethersfield_CT,-0.04651163,0.03603604,0.1634615,0.2857143,0.3194444,0.1527778,0.01234568,-0.1531532,-0.2204724,-0.1466667,0.02702703,0.2352941,0.3089431,0.2782609
White Plains_NY,0.1280488,0.3225806,0.3442623,0.1880342,0,-0.1639344,-0.3057851,-0.3043478,-0.3809524,-0.3103448,-0.3278689,-0.1933702,-0.05945946,0.07926829
Wilton_CT,-0.2359551,-0.1692308,0.1818182,0.5930233,0.21875,0.125,0,0.01785714,0.296875,0.4516129,0.7352941,0.9479167,1.5,1.861111
Windsor_CT,0.137931,0.2231405,0.05737705,-0.02857143,-0.07,0.02105263,-0.009345794,-0.01153846,-0.05985915,-0.05944056,-0.02777778,0.02960526,0.1181818,0.1925676
Windsor Locks_CT,-0.1413043,-0.2111111,-0.1419753,0.06034483,0.1354167,0.3658537,0.1296296,-0.078125,-0.1594203,-0.2058824,-0.1621622,-0.2531646,-0.08860759,0.05633803
Wolcott_CT,-0.2,-0.1142857,0.05,0.06122449,-0.3018868,-0.2380952,-0.1034483,0.05,-0.06451613,-0.1445783,0.0875,0.5,0.9166667,0.7580645
Woodbridge Township_NJ,-0.2020725,-0.2256098,-0.1542857,-0.1410256,-0.07638889,-0.124031,-0.3149606,-0.3617021,-0.3611111,-0.2774194,-0.2095808,0,0.1233766,0.3307087
Woodbury_NY,-0.1354839,0.1014493,0.1269841,0.1531532,-0.08108108,-0.02970297,-0.1481481,-0.1730769,-0.3090909,-0.1851852,0.03571429,0.09375,0.1492537,0.1842105
Wyandanch_NY,-0.07352941,-0.06818182,0.1315789,0.1634615,0.16,-0.06086957,-0.1544715,-0.2580645,-0.3495935,-0.3333333,-0.328125,-0.147541,-0.0952381,0.008130081
Wyckoff_NJ,-0.1401869,-0.2065217,-0.1818182,0.1153846,0.4634146,0.5348837,0.3809524,0.01785714,-0.03636364,0.04,0.05376344,0.1534653,0.2554348,0.3356164
Yonkers_NY,-0.04666667,-0.03663004,0.05179283,0.04508197,0.024,-0.008695652,-0.2368421,-0.3272727,-0.3693694,-0.3686441,-0.3873518,-0.3713235,-0.2307692,-0.05703422
Bronx_NY,-0.08960177,-0.003663004,0.044080605,0.070153061,0.06443299,-0.012903226,-0.220726783,-0.457605985,-0.525226391,-0.454094293,-0.354591837,-0.364634146,-0.352976914,-0.230392279
Brooklyn_NY,-0.097674419,-0.092063492,-0.128792987,-0.033783784,0.055534278,0.054269753,-0.180571876,-0.362113882,-0.440441176,-0.388986321,-0.375425459,-0.432332096,-0.246318115,-0.110722611
Manhattan_NY,-0.057995029,-0.02265861,-0.053442029,-0.030157202,0.033447099,0.018392371,-0.215476985,-0.419243986,-0.537391304,-0.435531629,-0.375784519,-0.382773803,-0.375549692,-0.302009243
Queens_NY,-0.068582755,-0.032003325,-0.057445044,-0.021681997,0.047988366,0.051391326,-0.166414141,-0.389919163,-0.509539321,-0.400643974,-0.338979322,-0.347454001,-0.266014046,-0.186131172
Staten Island_NY,-0.109118087,-0.05894146,-0.10864486,-0.045598731,0.002572899,0.053639847,-0.111458333,-0.322033898,-0.433678269,-0.364806867,-0.304492512,-0.214343928,-0.036073826,0.180230166